{"target": 0.12606544014585863, "params": {"baseflow": 0.7630828937395717}, "datetime": {"datetime": "2024-03-15 11:15:20", "elapsed": 0.0, "delta": 0.0}}
